Position,AA,NumAlgs
49,G,1
49,P,1
51,Y,2
66,A,4
66,I,4
66,K,4
74,F,2
74,I,3
74,M,4
75,I,2
92,G,3
92,Q,4
92,V,2
95,K,1
97,A,4
114,Y,1
118,R,3
121,Y,4
138,A,4
138,K,3
138,T,2
140,A,4
140,C,3
140,S,4
143,A,2
143,C,4
143,G,2
143,H,4
143,K,2
143,R,4
143,S,3
145,S,3
146,I,1
146,K,1
146,L,1
146,P,2
146,R,1
147,G,4
148,E,1
148,G,1
148,H,4
148,K,4
148,N,1
148,R,4
149,A,1
151,A,2
151,L,3
153,F,3
153,Y,3
155,H,4
155,S,3
155,T,3
157,Q,2
163,K,2
163,R,1
230,G,1
230,R,3
232,N,1
263,K,4
